id,name,species_group,habitat,region,latitude,longitude,primary_threat,habitat_loss,temperature_change,pollution_level,population_size,population_trend,reproduction_rate,genetic_diversity,protected_area,conservation_funding,observation_date,vulnerability_score,conservation_status
SP0001,Species 1,Plant,Wetland,South America,-16.661855337601004,-41.30268169686558,Invasive Species,0.41674247701079686,1.1243031984816223,0.14071268803939888,372,Stable,0.15420242199158704,0.5520079290615374,False,1919.6559964661271,2022-01-09,0.3187807088105063,Vulnerable
SP0002,Species 2,Invertebrate,Temperate Forest,Asia,16.859400184670083,73.16591022373767,Disease,0.23422487048636204,0.6915522077802886,0.45302583210434877,114129,Decreasing,0.09289752194280115,0.32246269453667564,True,26143.824405204305,2022-05-08,0.23466804393079357,Near Threatened
SP0003,Species 3,Bird,Marine,Asia,30.69542256977045,89.23052550930448,Habitat Loss,0.2416157622543482,-0.3005414177652138,0.07278736137955581,10096,Increasing,0.16973759340799244,0.46159631204196017,False,4867.169501685186,2022-02-20,0.0,Least Concern
SP0004,Species 4,Fish,Desert,Antarctica,-68.15198144275635,-101.3614426019399,Infrastructure Development,0.26451823431154814,0.4275538624840201,0.2142859081602443,2998,Decreasing,0.058697272428625574,0.7379130567293577,False,11372.39500746169,2024-02-02,0.22418674214834922,Near Threatened
SP0005,Species 5,Bird,Desert,North America,42.80676474811105,-116.85521885256301,Habitat Loss,0.40259988517759504,0.5037560363511407,0.11066860567827706,2261,Decreasing,0.11995031185918371,0.3857507363388464,False,1536.6361147153887,2025-03-13,0.27961327094960786,Near Threatened
SP0006,Species 6,Mammal,Grassland,Oceania,-34.76900712985026,159.9109529766603,Infrastructure Development,0.22289870735489803,1.1940958800443415,0.405698242753939,8992,Stable,0.06619114285695964,0.5492072703413728,True,23589.64149144185,2021-04-21,0.24142314110432928,Near Threatened
SP0007,Species 7,Mammal,Tundra,Africa,19.97384557797605,26.829177829996002,Disease,0.4704122194012937,-0.16842366282002488,0.3251255552475001,2327,Decreasing,0.27196368539994265,0.5773615169773646,False,6976.76838308281,2020-10-18,0.23998943564963265,Near Threatened
SP0008,Species 8,Bird,Temperate Forest,Asia,37.81839562395769,105.18459651736345,Habitat Loss,0.36575833666651436,1.7252428869070637,0.3147702306420814,6400,Decreasing,0.2914860491198817,0.1636084316721323,False,2081.0091799681177,2023-01-03,0.5270220537886069,Endangered
SP0009,Species 9,Fish,Grassland,North America,28.502100380913102,-96.49186911999448,Infrastructure Development,0.2823064217080823,1.1006940888946724,0.5534785009358154,137,Decreasing,0.2216472889638749,0.20753864916139775,False,11033.272250692187,2021-01-19,0.4561110488189928,Vulnerable
SP0010,Species 10,Plant,Desert,Asia,38.79101962308804,95.2133448987884,Infrastructure Development,0.3706297588020563,4.282185192523777,0.40648282264935,254,Decreasing,0.038571333842366426,0.3428902555303938,True,23865.727490289046,2023-02-05,1.0,Critically Endangered
SP0011,Species 11,Fish,Marine,Antarctica,-65.09703934923404,-79.22379709946058,Disease,0.4160119421999704,1.2121146226078914,0.47576593355170654,7701,Decreasing,0.13075792229530486,0.3933890673362708,False,5249.795477659808,2022-07-17,0.4663550969225889,Vulnerable
SP0012,Species 12,Plant,Grassland,North America,46.679973338875094,-89.99780214046937,Pollution,0.5910586186541706,0.9892753241061814,0.3569526948839778,885,Increasing,0.14201846110016753,0.43436101282868134,False,3722.9535491485126,2022-04-08,0.274939781448554,Near Threatened
SP0013,Species 13,Amphibian,Tropical Forest,Africa,-10.616437688276184,45.56537062989951,Climate Change,0.2917208114639424,0.28404118394287864,0.48422118034226114,209,Stable,0.3070392122427889,0.2548808355375589,True,34497.72552560083,2022-03-25,0.12008635175829264,Near Threatened
SP0014,Species 14,Fish,Tundra,Europe,49.33594720308215,15.27348848679197,Invasive Species,0.46929145860167326,0.22354391657451636,0.4293351934646412,7355,Decreasing,0.1336658367398848,0.3438921817873322,False,2452.309269156412,2023-06-15,0.2803039508213909,Near Threatened
SP0015,Species 15,Mammal,Wetland,Europe,57.00899921596042,-0.5325922527168503,Poaching,0.1945500667794993,1.4596146530996439,0.5605157589972608,1241,Decreasing,0.16101899387551574,0.109810391328054,False,218.12583677832933,2023-11-15,0.4915361676973674,Vulnerable
SP0016,Species 16,Reptile,Coral Reef,Antarctica,-64.56376966523074,-16.365216683601638,Infrastructure Development,0.46138058514637437,1.196349736807763,0.4795395513523984,1502,Decreasing,0.1512376938248098,0.3833773838280252,False,6291.768286832227,2023-11-22,0.4921768887112017,Vulnerable
SP0017,Species 17,Plant,Tundra,Europe,58.744997832298104,19.0287803355344,Pollution,0.17685870785106478,1.0738208333967172,0.16043104707922107,2334,Increasing,0.08836261645453564,0.17525425540999276,False,8521.642901455687,2023-11-05,0.14673407355212778,Near Threatened
SP0018,Species 18,Fish,Marine,Antarctica,-69.3322417608632,-93.20946036133253,Pollution,0.25284785694151035,2.421681007913982,0.622023648633186,555,Decreasing,0.12485243081354065,0.4718796578616037,True,40177.15960915679,2020-05-19,0.6542251988483287,Endangered
SP0019,Species 19,Fish,Wetland,Oceania,-10.586118247228665,154.52571022022255,Habitat Loss,0.2688185725967329,1.1986912266847216,0.2984660856594945,8248,Increasing,0.038177731416126987,0.5010606070930558,False,810.0752093686119,2024-01-10,0.19610566621165496,Near Threatened
SP0020,Species 20,Invertebrate,Tropical Forest,Antarctica,-72.41520193197556,-110.77595322887852,Climate Change,0.20361394848431175,1.4645604456511456,0.07601585683917525,352,Stable,0.11009718701995781,0.22006887837926414,True,57247.675644787865,2023-03-13,0.28474917782445897,Near Threatened
SP0021,Species 21,Amphibian,Coral Reef,South America,6.202087955371657,-69.3747560097168,Overexploitation,0.29192586377263224,0.9002709373150848,0.18556982319755042,391,Decreasing,0.15468751029166755,0.5459176645654409,False,43092.06520702542,2022-03-15,0.3430157102171467,Vulnerable
SP0022,Species 22,Reptile,Mountain,Europe,47.46105497322643,-6.523188476503052,Poaching,0.2987244260449337,1.974898525043537,0.414975906484706,499,Decreasing,0.05517221040201457,0.08784595314008045,False,11186.462663004813,2020-06-21,0.6248078391401728,Endangered
SP0023,Species 23,Mammal,Grassland,Asia,38.5975224832248,88.05319789314579,Overexploitation,0.25379004528884636,0.08114594094468693,0.4670511767477528,428,Decreasing,0.09209834372650234,0.4472934218839129,True,20233.42396115914,2022-12-21,0.1702581408650904,Near Threatened
SP0024,Species 24,Mammal,Temperate Forest,Antarctica,-64.7314267818025,-148.36747995264355,Overexploitation,0.02093279068750515,1.7124656055593213,0.1220740746025202,3450,Decreasing,0.09890769355754656,0.9113815575767613,True,240356.44120101392,2024-04-30,0.33016292717364704,Vulnerable
SP0025,Species 25,Plant,Tropical Forest,South America,0.8299719735788547,-60.23892911434017,Disease,0.1657301334056443,1.2715151353165195,0.34531384306022517,3209,Decreasing,0.08796389979682115,0.21312203048125267,True,15898.443142244278,2025-01-27,0.3556295056291876,Vulnerable
SP0026,Species 26,Invertebrate,Tropical Forest,Antarctica,-64.39529308134811,100.28589805827038,Pollution,0.7420113638627851,0.6023136888477897,0.6853875316979585,386529,Stable,0.057883583319299256,0.27691928515436487,True,42561.48969817714,2021-10-17,0.2975903323280755,Near Threatened
SP0027,Species 27,Bird,Tropical Forest,Oceania,-35.3994579065176,153.10493908109183,Habitat Loss,0.1538591237076634,0.416989027374154,0.3024185118019115,36120,Decreasing,0.2748711527187721,0.4270022088219017,False,91.18774452311017,2023-01-28,0.17113507356913502,Near Threatened
SP0028,Species 28,Plant,Mountain,North America,44.69474721786231,-91.79531575484235,Poaching,0.13105619156726414,0.7178817557557476,0.5641374260147274,812,Decreasing,0.06900654601423395,0.05687058649974265,True,63056.31323657281,2021-06-08,0.2907746351955106,Near Threatened
SP0029,Species 29,Bird,Temperate Forest,Europe,47.554875258281065,13.815400692801752,Pollution,0.24880757676035012,-0.0025143624944850675,0.4972629934749169,20844,Stable,0.03941975639677086,0.608232132714949,True,18684.775781919314,2020-12-19,0.015932798112523957,Least Concern
SP0030,Species 30,Reptile,Mountain,Europe,48.164461666482346,22.02999085944484,Poaching,0.4484267268694247,1.442484532880463,0.4703326047522339,39760,Decreasing,0.2514427116797635,0.43256821126915557,False,18644.47285175472,2021-08-04,0.4908959670106158,Vulnerable
SP0031,Species 31,Fish,Mountain,Oceania,-21.257161868702468,136.83128071473928,Poaching,0.01949886169845191,1.3380467437074872,0.37878763054544307,101,Decreasing,0.053270477793259385,0.2958541341425893,False,12548.805229970174,2022-04-25,0.4140061921779814,Vulnerable
SP0032,Species 32,Plant,Wetland,South America,5.028615061819282,-48.89501640756556,Invasive Species,0.5246634894067944,0.9159741378826206,0.3577912463471263,3188,Decreasing,0.25281755342698226,0.6935515907102093,False,3572.3211265029486,2020-06-29,0.4036317360733217,Vulnerable
SP0033,Species 33,Mammal,Coral Reef,Asia,35.16660668144859,90.79852009362226,Poaching,0.35514434522902694,1.5780779859304344,0.38583115751345115,865,Decreasing,0.21320833934335243,0.6895278325476657,False,899.952000275129,2020-08-24,0.5066090537507753,Endangered
SP0034,Species 34,Plant,Mountain,Oceania,-19.283193026630784,148.884543381882,Overexploitation,0.3775997596664945,1.4268464564887304,0.32032874027586455,89984,Decreasing,0.2972853667216985,0.6452729817064567,True,79581.18972615083,2024-07-05,0.3706324729242786,Vulnerable
SP0035,Species 35,Invertebrate,Mountain,Africa,-3.139942047469073,16.570420324981825,Poaching,0.2482586794335057,2.0229141042424525,0.2499567065548242,1804,Decreasing,0.3574635892647684,0.40014156098536574,False,9773.928103249078,2024-08-15,0.535822876679795,Endangered
SP0036,Species 36,Reptile,Temperate Forest,Europe,56.84192785465847,29.363338767971804,Habitat Loss,0.07514178739238088,1.530056317315298,0.03379863927787041,144,Stable,0.09708126616356973,0.15994557831627007,False,239.19270217283236,2021-06-11,0.31622005704452394,Vulnerable
SP0037,Species 37,Invertebrate,Tropical Forest,Europe,59.72962274533398,19.734112915744966,Invasive Species,0.03958576627310025,0.8381374674923994,0.06349963929436674,13492,Decreasing,0.09198174831499711,0.4872486376269873,True,55720.186591127385,2024-10-12,0.1603690405999005,Near Threatened
SP0038,Species 38,Fish,Coral Reef,South America,-26.352031257184255,-58.54954272513342,Invasive Species,0.2912812166209998,1.574850794697218,0.38495163279459244,141,Decreasing,0.14390879620555738,0.5665651832548187,True,67892.35969875744,2022-05-26,0.46789053115785395,Vulnerable
SP0039,Species 39,Bird,Tundra,Antarctica,-62.241274063586374,132.22591234552885,Disease,0.20277920213143152,0.09654461758837812,0.2806815052591867,2936,Stable,0.04350346738564772,0.16105171278316902,False,4714.185721445503,2021-05-16,0.07999394367091579,Least Concern
SP0040,Species 40,Mammal,Marine,Asia,10.317534162845373,127.30755943498892,Invasive Species,0.380724021196989,1.166702805365988,0.3767023980312316,872,Decreasing,0.05411130945770083,0.8118283733016709,True,72141.6922624929,2024-04-23,0.39035268328703565,Vulnerable
SP0041,Species 41,Plant,Marine,South America,-32.053085836162175,-58.9157262454137,Disease,0.1900812298838915,0.7002346214703172,0.4756117523704459,667,Stable,0.30885097858548977,0.44176246230479693,False,8926.88902767935,2023-06-15,0.2004119346818527,Near Threatened
SP0042,Species 42,Mammal,Desert,Antarctica,-67.90185139962664,168.5496340492998,Disease,0.2708170630474263,2.0974825515414786,0.441333321553872,945,Stable,0.090748729698915,0.6628476793886205,True,93317.65563861185,2024-12-24,0.4562125212413444,Vulnerable
SP0043,Species 43,Fish,Mountain,Antarctica,-68.50129876542516,174.36650666504542,Overexploitation,0.8131053272887694,1.6110681544524368,0.2872726204650848,184,Decreasing,0.0322166234932409,0.6312100646899013,True,156815.0922789346,2021-04-21,0.6223045989869719,Endangered
SP0044,Species 44,Plant,Coral Reef,Europe,36.96446242887552,5.876931048063843,Climate Change,0.18074999339700004,1.5830977311454686,0.1644928173154007,1797,Stable,0.06004018575379816,0.4270412198312654,True,11136.861619281284,2022-10-06,0.2932236484107252,Near Threatened
SP0045,Species 45,Invertebrate,Temperate Forest,Antarctica,-71.2934514898478,-122.56391515925219,Disease,0.22704145601770043,2.649584099307897,0.2773296573748825,78459,Stable,0.2199732054547081,0.627661843368535,False,634.3720612421694,2024-11-28,0.5235449778158806,Endangered
SP0046,Species 46,Plant,Grassland,North America,43.131441510378416,-98.23320822164135,Invasive Species,0.268150480095013,1.802660608301793,0.3055085911740884,1167,Stable,0.03835609182508291,0.6031738465403811,False,14337.696317284719,2024-04-29,0.43218733653258284,Vulnerable
SP0047,Species 47,Invertebrate,Desert,Asia,13.33415277841192,115.64862718713066,Poaching,0.19611438766073402,1.7994419339180021,0.1029920803867774,282459,Decreasing,0.08648709008829207,0.858278734065558,True,62755.98146755774,2021-02-03,0.35709598256480524,Vulnerable
SP0048,Species 48,Mammal,Mountain,North America,27.797990484943195,-110.16377136656557,Habitat Loss,0.22344232444691536,1.581632661778497,0.28519346509941956,135,Decreasing,0.138975521848878,0.2876266052492417,True,45598.474620446825,2022-07-24,0.44880661922295273,Vulnerable
SP0049,Species 49,Plant,Grassland,Oceania,-18.07511575387371,125.1506499114913,Overexploitation,0.15521566610853152,1.8175055960283455,0.6363304178264737,2028,Decreasing,0.1418197851131877,0.09049004458388235,True,36513.12801780202,2024-07-15,0.5106608473245761,Endangered
SP0050,Species 50,Plant,Temperate Forest,Africa,4.691138269066746,31.691444647592856,Pollution,0.1345009755160753,0.8408633379121632,0.22017497309509315,13601,Stable,0.3239731806473574,0.3285041246000371,False,238.13122988115362,2024-11-11,0.1475476959224541,Near Threatened
SP0051,Species 51,Invertebrate,Temperate Forest,Asia,36.57705147730031,105.0311716391519,Infrastructure Development,0.09954871781981654,0.8868595866506117,0.6640283292231994,229385,Decreasing,0.2223595614558614,0.8501475611628312,False,4760.553053705764,2021-04-11,0.26866587692011046,Near Threatened
SP0052,Species 52,Bird,Coral Reef,North America,38.47903191688136,-107.8780765464198,Climate Change,0.18480186641013244,2.3074182548084146,0.4388775119824666,6037,Decreasing,0.09691527520724934,0.36332233286381976,False,675.5706864944074,2022-02-21,0.6178415687302123,Endangered
SP0053,Species 53,Mammal,Desert,Antarctica,-61.41163342818359,97.18009209060442,Disease,0.47100830363615775,1.610832566530811,0.17841924083895971,2242,Decreasing,0.010924636675050222,0.8368914274366872,False,6101.748046981873,2022-09-24,0.520143619447193,Endangered
SP0054,Species 54,Amphibian,Temperate Forest,Europe,38.54435983817755,0.9816101600050153,Poaching,0.25032694077031925,1.004159806554959,0.11181022073390638,979,Decreasing,0.1327160930026177,0.10371383971955965,False,1180.0132911881858,2022-02-14,0.35537895894062865,Vulnerable
SP0055,Species 55,Mammal,Tropical Forest,Europe,51.73717387995475,29.7655744488467,Invasive Species,0.2157050389732002,0.7346552688410849,0.20152131682959146,815,Decreasing,0.06718087681822363,0.22981635898184782,False,36638.63560560962,2025-05-14,0.3066299762212924,Vulnerable
SP0056,Species 56,Invertebrate,Wetland,South America,-8.820715599862014,-75.98940055477925,Disease,0.4442968482311876,1.7035308679094299,0.4104119126293456,195364,Increasing,0.24529281891773183,0.1995028733112521,False,3687.0257066858208,2023-08-16,0.3292263917467544,Vulnerable
SP0057,Species 57,Amphibian,Coral Reef,North America,46.701417252686255,-80.67410299353084,Pollution,0.17404231751132623,1.2697491233651441,0.5878566212569658,46,Decreasing,0.09896065567394391,0.41432790826997506,False,1393.1399145626067,2024-04-16,0.47544213816918746,Vulnerable
SP0058,Species 58,Bird,Temperate Forest,Europe,45.8124469582533,2.472645323410383,Disease,0.22411823802709588,1.3363977880323445,0.23020014796917262,3037,Decreasing,0.06097907897138547,0.3423283656545795,False,6598.114012752917,2024-12-25,0.4156444703796486,Vulnerable
SP0059,Species 59,Amphibian,Coral Reef,South America,-8.340518699326797,-69.69974278190239,Invasive Species,0.2925315064000335,0.1350161658287436,0.2085867787759921,1527,Decreasing,0.056832046279663484,0.3164173395358459,True,12175.391002382265,2021-07-12,0.15123602724521262,Near Threatened
SP0060,Species 60,Invertebrate,Desert,Asia,29.178582114079255,101.80641341919726,Disease,0.19928872542707265,1.991495550625705,0.3233680944973388,6953,Decreasing,0.008293494456299651,0.4572268114931542,False,7107.723220772269,2020-11-17,0.5444309669065859,Endangered
SP0061,Species 61,Bird,Wetland,Asia,28.144280768082144,80.51183005719291,Poaching,0.5473337153912273,0.5001436959391047,0.13510424897980164,10099,Decreasing,0.04574421828971804,0.1561533917566689,False,31016.257922049153,2021-08-10,0.3299104828550885,Vulnerable
SP0062,Species 62,Fish,Mountain,South America,-6.632480097678581,-79.53075352711686,Climate Change,0.3684210015699122,-0.7471218052384279,0.4936817007381645,87,Stable,0.15750544511200185,0.38107728532402646,True,17830.46721616351,2020-12-21,0.2545394266654366,Near Threatened
SP0063,Species 63,Plant,Temperate Forest,Asia,39.628001854159734,134.32485735476882,Overexploitation,0.1506100848732202,2.6394172600151995,0.28667943168745663,306,Decreasing,0.022576847585303136,0.23542684596049232,True,12294.687794333517,2024-04-08,0.6448035141420458,Endangered
SP0064,Species 64,Fish,Mountain,Oceania,-19.33344093849728,171.7659895309525,Climate Change,0.3247525481477143,1.4610197366773483,0.27550712045659553,597,Decreasing,0.22419426774814527,0.17264776602341156,False,1171.9598448935676,2021-05-15,0.4859847936383621,Vulnerable
SP0065,Species 65,Mammal,Marine,Europe,57.154894511626864,13.721773367471366,Overexploitation,0.3584556659749,0.5195836366325601,0.5610153387445869,506,Stable,0.10849561004027751,0.2825862132597251,True,2713.1873653741122,2024-06-19,0.20836148957078135,Near Threatened
SP0066,Species 66,Plant,Marine,Asia,21.69834115436213,124.94278839780273,Disease,0.04453800926436454,0.7585134832860425,0.6609707323950142,561,Decreasing,0.20206470984132516,0.23369984273788347,False,3403.672686227839,2021-07-24,0.31902103711951635,Vulnerable
SP0067,Species 67,Amphibian,Desert,Africa,-33.30657652760513,38.21879305730414,Disease,0.4946009139863127,1.102601993293373,0.28253624226684415,997,Decreasing,0.10354122912997392,0.1777257504130989,True,6805.7932244226995,2021-12-02,0.4229931910613244,Vulnerable
SP0068,Species 68,Reptile,Grassland,Oceania,-28.86378718330005,142.8776471259675,Infrastructure Development,0.30001200229110897,1.7550846104063371,0.3535273671138022,2301,Increasing,0.1606805933625599,0.3387236133697998,False,1015.6305406601205,2023-10-22,0.33363439693057073,Vulnerable
SP0069,Species 69,Reptile,Wetland,Asia,29.786558910006345,102.47527406818354,Invasive Species,0.18586413584330544,0.2951788868064454,0.47120102602112235,2026,Increasing,0.2716005470770224,0.20401318256949147,False,454.2128247790707,2021-06-06,0.021976271333185943,Least Concern
SP0070,Species 70,Mammal,Tundra,Africa,10.568142700566792,18.180230858483384,Pollution,0.24639626393630812,2.014000983267345,0.6377338153714163,3101,Stable,0.07151068690913427,0.3412827058435901,True,89074.32589049778,2024-12-17,0.46776914496597655,Vulnerable
SP0071,Species 71,Reptile,Tropical Forest,Antarctica,-69.03927914272025,-146.3731300888936,Infrastructure Development,0.16228441319145484,1.4197448591942823,0.13143383279782528,26646,Decreasing,0.17466316807608262,0.32527583010777716,False,18242.29676134103,2022-07-06,0.366715319157768,Vulnerable
SP0072,Species 72,Amphibian,Mountain,North America,27.086602124734583,-76.46709973759637,Disease,0.20819032838627094,1.812312171336347,0.23435604401514626,428,Decreasing,0.12413054275401747,0.17245607625217543,False,6515.524128952337,2021-12-14,0.5284458493415941,Endangered
SP0073,Species 73,Plant,Marine,South America,-34.35283957944132,-76.0769239475676,Invasive Species,0.2314069379024572,0.5821041725485598,0.38140577605930603,4115,Decreasing,0.18527386753655542,0.5566029690824784,False,14228.88346779468,2025-01-11,0.2634723059504539,Near Threatened
SP0074,Species 74,Bird,Tundra,Europe,51.07204775146769,17.766022940393242,Habitat Loss,0.5422085001751419,1.9986487185183683,0.23818000635915024,3804,Stable,0.2929342750769356,0.24902396033937518,False,664.8111484905828,2020-12-31,0.5239365849487737,Endangered
SP0075,Species 75,Fish,Marine,Oceania,-11.012697678796053,123.28450736248648,Pollution,0.1804545064033405,1.4401244679965808,0.4102616309096278,127,Decreasing,0.04567601381869318,0.20586787364836537,False,1892.309496033895,2024-11-19,0.490397624227889,Vulnerable
SP0076,Species 76,Reptile,Grassland,Africa,-4.9572184622550175,-1.255632715816608,Poaching,0.23766371627174962,0.5788145535522855,0.8262987470074187,4438,Decreasing,0.24242988509077842,0.08770580603927228,False,3540.6511406356112,2024-06-19,0.34839896779712787,Vulnerable
SP0077,Species 77,Fish,Marine,North America,31.789219118775996,-98.99065769540023,Habitat Loss,0.43137754800758704,0.3036618720707064,0.33473983614028174,988,Decreasing,0.12295525071949778,0.6202199122892434,False,1169.8044155322132,2020-12-18,0.27809326657356903,Near Threatened
SP0078,Species 78,Bird,Tropical Forest,South America,-22.738842859915394,-57.1664627576986,Infrastructure Development,0.07886722214117303,-0.454283781148794,0.06680486186645058,1708,Stable,0.17119130608447208,0.3751942190928489,False,964.9207777680133,2021-06-19,0.0642280268455035,Least Concern
SP0079,Species 79,Reptile,Grassland,Europe,46.40591272388855,4.7621208704366635,Invasive Species,0.2616669329873216,1.8650794136506035,0.5083380937059021,8279,Increasing,0.0914764851066714,0.5174315258051659,True,100850.90306028182,2025-03-14,0.30253267720988897,Vulnerable
SP0080,Species 80,Bird,Grassland,Antarctica,-62.879660551401706,-102.22150859579261,Habitat Loss,0.10293364542614052,0.3478522527332433,0.2579920222553962,6720,Stable,0.047545451214955195,0.5705366640533922,False,941.0257736932532,2024-04-19,0.06773953485346315,Least Concern
SP0081,Species 81,Invertebrate,Marine,Oceania,-11.600666980193612,137.08497376482265,Habitat Loss,0.15033839435446197,1.4098899042589301,0.6132820191036145,295,Stable,0.14182187209822147,0.6380099385106379,False,20139.946265643677,2021-06-17,0.36611936432491454,Vulnerable
SP0082,Species 82,Mammal,Coral Reef,South America,9.742898652966078,-55.45784954517639,Poaching,0.17278075977882726,2.1264886784194403,0.2733500102431591,77,Decreasing,0.0660776064460269,0.4520955005155326,True,2237.8750400872073,2020-07-16,0.5454838752650939,Endangered
SP0083,Species 83,Invertebrate,Wetland,Africa,8.836402499474469,14.222848225471598,Pollution,0.1174054594609354,2.5860119995880737,0.6666629294400391,256643,Decreasing,0.0720230731650607,0.8310500915869222,False,15544.147069328117,2022-06-19,0.6291142523448675,Endangered
SP0084,Species 84,Fish,Desert,South America,-15.403444994713547,-66.38986347697791,Habitat Loss,0.49861386049483203,1.8086181997364905,0.4977860906837577,715,Stable,0.12101129931630511,0.45597686915325086,False,3112.9110139314485,2024-10-15,0.5353529128820782,Endangered
SP0085,Species 85,Invertebrate,Mountain,Antarctica,-64.15939563452658,69.31167535335886,Disease,0.6349043426657638,2.1551650079906226,0.20776691360844934,26348,Decreasing,0.07933289669039971,0.49231109437976384,True,14935.28102350051,2020-09-21,0.6183290205534869,Endangered
SP0086,Species 86,Amphibian,Temperate Forest,Africa,-29.564546572987645,8.52801217227016,Overexploitation,0.18501921742397004,0.7715093292596705,0.3668814116568575,4348,Decreasing,0.15540463030712948,0.3095663382514718,False,2238.2027187331832,2025-04-17,0.30004635040195615,Vulnerable
SP0087,Species 87,Amphibian,Temperate Forest,South America,-28.698550109200013,-51.17857810208702,Pollution,0.38913394590152445,1.3706349658983508,0.5416004850223902,1374,Decreasing,0.05877532898489335,0.3042807139706368,False,7708.215385581479,2024-08-22,0.5287608663786418,Endangered
SP0088,Species 88,Fish,Grassland,Africa,26.73945188051451,37.66446630708156,Poaching,0.1314769449202473,2.2405898447104127,0.24036638919196796,78578,Decreasing,0.0909485976909658,0.36572342605676933,False,1112.7993975798252,2024-05-22,0.5335165093148204,Endangered
SP0089,Species 89,Mammal,Temperate Forest,Oceania,-18.884287250970065,115.2836125272701,Disease,0.10698937041124112,2.1004702168322753,0.16690848264807076,1625,Decreasing,0.12876875952316605,0.8198534762226156,True,19258.75107690524,2021-01-08,0.4494249461759522,Vulnerable
SP0090,Species 90,Fish,Tropical Forest,North America,34.279040369643546,-77.16302528250591,Disease,0.41341106900424857,2.9929076552165848,0.24553811622931318,347,Stable,0.06544657768576008,0.6553508454801542,False,16716.226176266588,2023-08-28,0.7116301213369362,Critically Endangered
SP0091,Species 91,Bird,Tundra,Antarctica,-63.95699362408857,-61.11259943889408,Infrastructure Development,0.3364959745409919,0.9280683953846264,0.1721990301892522,7524,Decreasing,0.2429746278569509,0.4949448571626793,False,3372.7874908767926,2022-10-19,0.3240890884195724,Vulnerable
SP0092,Species 92,Fish,Tundra,North America,39.26624059702337,-93.7549118214173,Habitat Loss,0.29313824530634053,0.5073068502967526,0.1789666495558095,11688,Decreasing,0.06877271015098972,0.7145650307789234,False,13926.050644763123,2021-03-21,0.22997913899627362,Near Threatened
SP0093,Species 93,Reptile,Mountain,Africa,8.381420000316243,42.72525782562013,Disease,0.38634882403517,0.6670090205934179,0.29981069388260995,543,Stable,0.06425678220917026,0.571925912267973,False,7665.996420962959,2021-10-07,0.24628498837797108,Near Threatened
SP0094,Species 94,Reptile,Marine,North America,31.8675953761973,-80.61689800138035,Pollution,0.6243723394492425,1.012784112714415,0.35092735089048926,5186,Decreasing,0.062433858931222865,0.6776978479532365,False,108.008198146344,2025-03-11,0.46684216905945886,Vulnerable
SP0095,Species 95,Invertebrate,Coral Reef,South America,-20.23970368450149,-37.119644180097765,Disease,0.458742553753209,1.7503735616928267,0.29408064953225743,39020,Decreasing,0.07360345686247982,0.6292852636876745,False,21492.04735082561,2021-10-20,0.5372666708819639,Endangered
SP0096,Species 96,Bird,Mountain,Oceania,-25.57329560190973,158.05821076056944,Climate Change,0.09555895363278523,1.385724759793628,0.149776868847761,2977,Decreasing,0.03911048941557579,0.26566865028859327,True,10321.74152768758,2022-03-16,0.33109797330958035,Vulnerable
SP0097,Species 97,Reptile,Tropical Forest,Africa,5.713560509243548,10.562993283813626,Invasive Species,0.13158550035720612,-0.08260837345275979,0.03746257873038545,63,Stable,0.1989723299925682,0.2576754073037505,False,8345.499457680875,2020-08-25,0.03740436097891194,Least Concern
SP0098,Species 98,Bird,Grassland,Europe,37.37632613831732,23.06987072104988,Climate Change,0.345380036146891,2.336205545953568,0.2154522816252525,17495,Decreasing,0.29511743933612294,0.23320878582724527,True,54145.76500349988,2021-11-05,0.5643040750055763,Endangered
SP0099,Species 99,Amphibian,Grassland,Asia,16.356488871481094,95.96587057104357,Infrastructure Development,0.6130977340278659,1.4557214607351818,0.5280159345433773,317,Decreasing,0.18092979287722943,0.35657174810383846,False,1216.5018803928986,2022-03-10,0.610765418105215,Endangered
SP0100,Species 100,Mammal,Desert,Antarctica,-69.8309387332866,-168.89115444909393,Invasive Species,0.700992242136828,1.3064749881094273,0.2471930082454972,223,Stable,0.056342625422570375,0.3052332975262113,True,15241.461517773843,2024-02-11,0.43370397636658964,Vulnerable
SP0101,Species 101,Fish,Grassland,Africa,-31.383189483942722,15.33569188131697,Infrastructure Development,0.16610935352176903,2.5395939466780297,0.025791393030511586,538,Decreasing,0.2436638294582203,0.43709575401728384,False,21578.802405896324,2021-06-12,0.6025205480984093,Endangered
SP0102,Species 102,Fish,Grassland,Europe,42.66941498805353,4.118340138094263,Disease,0.14314145274659354,0.30628693849879174,0.09929105484364825,5161,Stable,0.20894830466781522,0.2979327049044154,False,18520.300401959496,2022-09-11,0.04781315965679407,Least Concern
SP0103,Species 103,Invertebrate,Mountain,Europe,39.745382574303896,13.28732920370359,Invasive Species,0.157719135410297,0.7086107051610423,0.34473768594246723,37334,Stable,0.10624690967013298,0.2863320498475469,True,22896.217938293325,2025-01-25,0.11053064390135159,Near Threatened
SP0104,Species 104,Plant,Grassland,Asia,30.42449385636865,106.80293536913945,Poaching,0.5026089026850118,0.5460785511290231,0.3996033160501116,528,Decreasing,0.18800599404392002,0.8586476771639782,True,19266.267994172555,2022-08-17,0.29551493233917137,Near Threatened
SP0105,Species 105,Reptile,Coral Reef,Europe,57.863716596213976,7.360838908350353,Pollution,0.10826820825215441,0.13882229735113352,0.08930736785508513,1036,Increasing,0.03878808732208507,0.6038542944077333,True,19131.129148823704,2024-11-02,0.0,Least Concern
SP0106,Species 106,Mammal,Grassland,North America,45.12725796239157,-79.73589072270279,Habitat Loss,0.3648401801880955,1.487346439353664,0.5155244025369693,389,Decreasing,0.16248622758796988,0.24976224018080295,False,364.8078072791222,2022-10-05,0.5458774741036853,Endangered
SP0107,Species 107,Plant,Mountain,Europe,36.600158665215524,22.989729493880304,Climate Change,0.3128824655948955,0.7043554599826526,0.2518496053489345,3030,Stable,0.2720692067039882,0.26893866712521286,True,10232.696505282905,2023-07-25,0.15169623946564573,Near Threatened
SP0108,Species 108,Mammal,Wetland,Oceania,-24.549830208708308,149.8109979671787,Disease,0.1651364097358811,1.4016482741642222,0.4123057669472461,3713,Decreasing,0.17421908758681065,0.4163487409473374,True,62879.15209960742,2020-10-18,0.3712811424478769,Vulnerable
SP0109,Species 109,Plant,Desert,South America,-28.520091962301567,-74.7101914932401,Disease,0.18932228828111622,-0.5754402981980282,0.7922669922661593,3677,Stable,0.21886496256533616,0.7752111000415479,True,37600.72254459842,2024-11-13,0.14797921889224067,Near Threatened
SP0110,Species 110,Bird,Marine,Oceania,-10.412599841457956,141.9578287528856,Climate Change,0.11700818607686196,2.4577937332157225,0.19232731027468805,609,Decreasing,0.12629008489916213,0.4094821258085983,False,5280.214864896358,2020-11-09,0.6082890015499611,Endangered
SP0111,Species 111,Mammal,Temperate Forest,Asia,31.994925981510548,118.20421405155129,Overexploitation,0.3497635800589798,1.9394161116302637,0.4805595815264241,2101,Decreasing,0.07935209328146818,0.4236016840240366,True,10249.744436628542,2020-06-12,0.5592792530349117,Endangered
SP0112,Species 112,Amphibian,Tundra,Africa,3.1909627868403456,48.71951397647991,Infrastructure Development,0.4365928828470819,1.4130269843589043,0.07719253325635728,14271,Decreasing,0.3269518479277411,0.15606182551489978,False,4623.822768938506,2021-11-01,0.439004017794836,Vulnerable
SP0113,Species 113,Fish,Grassland,Europe,48.700808916606,10.842927620335514,Climate Change,0.20865884203572244,2.3918121120548532,0.20375746611190898,1324,Stable,0.1186351155522856,0.13408172241475896,True,12344.272287075382,2024-06-30,0.4810719698975377,Vulnerable
SP0114,Species 114,Amphibian,Tropical Forest,Europe,42.84567020561039,-0.339974880286662,Pollution,0.28300027257649735,1.3206961706220275,0.2723993335804717,3069,Stable,0.10772893475755256,0.6935081634021697,True,51567.53917633462,2021-03-14,0.2641598437423643,Near Threatened
SP0115,Species 115,Plant,Tropical Forest,Asia,37.23088351006286,123.25959316515473,Climate Change,0.16166118814884076,0.8632488914461722,0.14642191745016178,2421,Decreasing,0.14519367361249844,0.14287631020830846,True,6421.94740777316,2024-02-11,0.24352887991036506,Near Threatened
SP0116,Species 116,Fish,Wetland,North America,42.67094639451353,-71.8005026860499,Disease,0.24577466409921114,1.9483136430385024,0.19412189909719438,3311,Decreasing,0.22152599910072457,0.2308862468120814,False,7359.145787831611,2024-06-01,0.5277664450758941,Endangered
SP0117,Species 117,Reptile,Grassland,Antarctica,-62.03350129697454,31.29714236120654,Disease,0.5490937088853226,1.0047356210606389,0.5889230496094098,234,Decreasing,0.12501935169343656,0.35174411217099627,False,61702.12563252556,2024-10-01,0.5193713423876655,Endangered
SP0118,Species 118,Plant,Grassland,Europe,56.591035532415404,-5.597468631955391,Poaching,0.12504950302105494,0.9484751907571227,0.30402469355762846,17978,Decreasing,0.2193405454982309,0.4987111558816422,False,1367.733843458964,2021-12-10,0.27797494007614665,Near Threatened
SP0119,Species 119,Mammal,Tundra,Oceania,-27.943384003278098,124.9899177848733,Climate Change,0.25076793020705007,0.3824207116873626,0.5293041590889332,663,Decreasing,0.09729967656572767,0.5252878989836072,False,6885.7495461315875,2022-05-30,0.28014803275531575,Near Threatened
SP0120,Species 120,Amphibian,Coral Reef,Asia,31.106384426864917,113.32940952890117,Poaching,0.18444839969175025,1.365317150478671,0.33812041359052075,29562,Increasing,0.03584995716404881,0.3840900389896814,False,1531.1386657236624,2021-06-02,0.2033840640582282,Near Threatened
SP0121,Species 121,Fish,Desert,North America,30.262673491633574,-80.5036997839578,Poaching,0.33449645809627576,0.6027373227678088,0.27771257119048476,100,Stable,0.14447997657513673,0.13401902077752148,True,7054.582092968723,2020-10-31,0.19535263710474654,Near Threatened
SP0122,Species 122,Plant,Mountain,Antarctica,-72.0113106838753,-163.8138810270416,Invasive Species,0.2575966565338745,0.6355567265774,0.49766196836154214,10519,Decreasing,0.04371057828237352,0.8316231573709837,True,100389.49679079458,2020-06-27,0.2404780375856944,Near Threatened
SP0123,Species 123,Bird,Marine,Asia,35.95609168081249,89.55911189232503,Invasive Species,0.25128901067708087,2.7651346025507606,0.16084154954454893,824,Decreasing,0.1711910337582538,0.3441145733107864,True,20303.756944363166,2020-09-15,0.6510733188044994,Endangered
SP0124,Species 124,Fish,Grassland,North America,26.337861572826082,-104.2908341715886,Habitat Loss,0.13229228397424006,2.828026161092729,0.14537140188705203,14838,Decreasing,0.06724068911324621,0.0727546973104533,True,86320.09949508168,2022-12-06,0.6206873565495336,Endangered
SP0125,Species 125,Mammal,Tropical Forest,Asia,37.07434596527105,78.63805706439175,Overexploitation,0.23569659882790514,1.7937222435011657,0.46465392487621354,12304,Increasing,0.29506515547041073,0.1214745773076486,False,8817.374197821287,2022-02-26,0.3193944757501589,Vulnerable
SP0126,Species 126,Plant,Tropical Forest,North America,34.68306294938285,-121.36091461410578,Pollution,0.35858860154168276,0.9588021091833009,0.1925961262181658,891,Stable,0.07056209993384945,0.35494995357198333,True,139889.60198916635,2020-11-26,0.2354992692851977,Near Threatened
SP0127,Species 127,Invertebrate,Mountain,Africa,-25.042133215622922,1.9214241280843958,Infrastructure Development,0.3379366882927625,2.1667604064145225,0.6549581533685883,3520,Decreasing,0.07433439663260473,0.16522720966723353,False,1890.053335922526,2020-12-14,0.685619847943478,Endangered
SP0128,Species 128,Mammal,Mountain,Asia,16.462136007157923,93.94753346045158,Disease,0.10321564653924961,-0.1192267482794452,0.20545905564469275,3519,Decreasing,0.03492710761640151,0.7444542237743117,False,4204.75452029549,2021-03-08,0.11325415864079624,Near Threatened
SP0129,Species 129,Plant,Wetland,Antarctica,-71.77956168804967,-155.79569516739798,Infrastructure Development,0.4192569878110152,1.2846030330171843,0.31365441397626315,46444,Stable,0.16940719985233063,0.6468576386269866,False,2576.849218304225,2024-05-30,0.32300223747912954,Vulnerable
SP0130,Species 130,Amphibian,Grassland,Oceania,-17.64461513891157,119.9685909675641,Infrastructure Development,0.17672727164375215,1.5140781315727867,0.4019967052505857,986,Stable,0.10620926026263787,0.35013087422569295,False,900.5537903731428,2023-10-02,0.3690692803116961,Vulnerable
SP0131,Species 131,Invertebrate,Tropical Forest,Africa,-13.173850413096195,-2.5159486287436152,Overexploitation,0.09845354791137874,1.3063349134002191,0.42069523388337526,2534,Stable,0.09340847817731482,0.48071745221270074,False,297.76798133852054,2023-11-12,0.2921550680987864,Near Threatened
SP0132,Species 132,Invertebrate,Desert,North America,34.881482885778944,-115.0021623030451,Infrastructure Development,0.3646641154287176,1.3255783687747473,0.35152691465120056,49345,Stable,0.18971638621489154,0.20772191030591503,True,79745.64168194986,2022-05-20,0.2898202942183989,Near Threatened
SP0133,Species 133,Invertebrate,Wetland,South America,-7.097250806938963,-79.63734034960461,Poaching,0.4616665538895956,0.4984556393730763,0.14425086532644626,6134,Decreasing,0.10527207871718072,0.1673681423315759,False,1643.991707507879,2023-06-09,0.30371708540542197,Vulnerable
SP0134,Species 134,Invertebrate,Temperate Forest,Antarctica,-64.67931664388807,-136.66047163592796,Climate Change,0.4580203072493245,1.314870349204128,0.28424418247914396,449219,Decreasing,0.05047751409861312,0.28769807524118923,False,1799.8021214876867,2025-05-07,0.4434314762318783,Vulnerable
SP0135,Species 135,Reptile,Marine,Antarctica,-70.83421368973734,-167.06513441304972,Climate Change,0.39413965562875664,-0.1989968609091105,0.4987394360522605,11939,Stable,0.09814926122876116,0.32588276185280224,False,1665.4541689300381,2025-04-01,0.16286746374931801,Near Threatened
SP0136,Species 136,Reptile,Marine,Europe,55.43263280533092,27.21593680677302,Overexploitation,0.0894399841121686,1.169943484016415,0.37899692497758114,319,Increasing,0.24071590989933056,0.4923072402402566,True,42405.808034379384,2022-07-23,0.11133136675377642,Near Threatened
SP0137,Species 137,Fish,Marine,Oceania,-15.179303355215634,153.01451105977733,Invasive Species,0.22640270272051205,1.8436008447591674,0.40065809368407207,41478,Decreasing,0.18607762100393785,0.47511460435223807,True,11808.036756043533,2020-12-25,0.44804701705085903,Vulnerable
SP0138,Species 138,Invertebrate,Wetland,North America,40.94754686382404,-70.81539947001289,Invasive Species,0.29386301693159084,1.4724064741936187,0.49419673471932113,56142,Decreasing,0.26857828410037315,0.004236182503437718,False,1038.859062821622,2020-11-21,0.4703436778458503,Vulnerable
SP0139,Species 139,Bird,Temperate Forest,Asia,31.110254204303146,117.7772721676405,Infrastructure Development,0.6241118330017823,1.3481404294639312,0.2388210104256794,5073,Stable,0.22511339475632872,0.20644334436471598,False,248.4061699411509,2025-05-09,0.4245344042876372,Vulnerable
SP0140,Species 140,Fish,Mountain,Africa,-22.77469698725693,0.7152420605631282,Climate Change,0.2560648957276841,1.7679433033604215,0.49744058479175013,428,Decreasing,0.25115833689489175,0.12442778954676234,False,52424.46395394198,2023-05-25,0.5630957619865068,Endangered
SP0141,Species 141,Fish,Marine,North America,33.14558651926212,-117.97239409655053,Disease,0.6591004954813736,1.5010574216249464,0.2719627857536375,5962,Stable,0.22757509086699004,0.659676740965073,False,3393.5713050915065,2024-02-08,0.44606309195511423,Vulnerable
SP0142,Species 142,Plant,Desert,Oceania,-32.791026296489,121.17274288984447,Pollution,0.21323215553862407,1.7171916301806163,0.6404958526028244,199,Decreasing,0.06216358042869965,0.594845079790511,True,4497.070773934013,2022-01-16,0.5145906903084937,Endangered
SP0143,Species 143,Plant,Coral Reef,Europe,39.665998494942066,-8.972414205223673,Poaching,0.33454537679163776,2.0117163091515295,0.6963608077980824,3214,Decreasing,0.04424686936955434,0.33966966146129135,True,22019.55777923698,2020-07-09,0.6050001105645151,Endangered
SP0144,Species 144,Fish,Coral Reef,Europe,57.448382336093424,22.396976812115973,Poaching,0.23959654394767688,3.243749060721693,0.1926207306833285,388,Decreasing,0.18999782738223064,0.12610336095764943,False,894.950234425941,2021-02-09,0.8146068807488026,Critically Endangered
SP0145,Species 145,Fish,Wetland,Africa,5.581181629393445,4.193749550348107,Pollution,0.5546140761878319,2.129966629273845,0.551007740624382,753,Increasing,0.18717365990508436,0.29354055513374566,False,4334.566319983051,2024-08-30,0.5253936637795813,Endangered
SP0146,Species 146,Mammal,Wetland,Oceania,-25.677514315589388,154.11743770645407,Invasive Species,0.449549690409468,0.2773340774354039,0.08384015339797873,4628,Stable,0.3228367891774088,0.34596230979057224,False,238.89209361211087,2021-10-13,0.11892715032921285,Near Threatened
SP0147,Species 147,Fish,Temperate Forest,North America,43.878340436129896,-92.73568449439855,Overexploitation,0.05648945234171332,2.1524388754748767,0.040060624186226336,2232,Increasing,0.10409916284340184,0.41848882806380505,False,3861.5552186746413,2025-01-06,0.2950028135028808,Near Threatened
SP0148,Species 148,Reptile,Temperate Forest,North America,25.602754835216672,-118.59475882350581,Pollution,0.18013725073113293,0.26581864991179094,0.639100510303614,115,Stable,0.05252435634618118,0.8689010250934999,True,52588.30280756197,2023-07-21,0.10692317357431458,Near Threatened
SP0149,Species 149,Bird,Coral Reef,South America,1.2426883743551798,-44.551601526393355,Poaching,0.369691726960527,0.5878221071962457,0.32003163409244906,11165,Decreasing,0.19613522263890115,0.4331035940958412,True,25773.669673640332,2022-10-25,0.24200259102984983,Near Threatened
SP0150,Species 150,Plant,Grassland,Europe,49.73036535869639,8.1711358715929,Invasive Species,0.3899799705837528,0.04112815798700662,0.2052812328804354,10877,Increasing,0.3480378193213043,0.8325407326765177,False,22635.038373467698,2021-03-20,0.0,Least Concern
SP0151,Species 151,Mammal,Tropical Forest,North America,44.93785113241215,-87.73498071489233,Disease,0.3885838330635251,1.9822524397489603,0.07616036941563495,15603,Decreasing,0.11829595111575741,0.19155691435699407,False,10129.948706101592,2021-09-25,0.5564900676273576,Endangered
SP0152,Species 152,Bird,Tundra,Antarctica,-66.77117377417967,-35.01378549114093,Infrastructure Development,0.25200202588103615,1.2409583215048683,0.10013372454901735,20748,Decreasing,0.20699349509856033,0.47111535145505207,False,700.2957842443067,2024-09-16,0.3451551623103156,Vulnerable
SP0153,Species 153,Amphibian,Desert,Antarctica,-64.50990800621035,-60.99803916973531,Disease,0.6338412564938112,1.0526095684435974,0.18118622895181702,5478,Decreasing,0.2046204647418171,0.5145769460649255,False,243.54452264716076,2025-05-15,0.4455763777039772,Vulnerable
SP0154,Species 154,Bird,Mountain,South America,-19.631723789358382,-56.53803403368165,Infrastructure Development,0.11630993301989342,1.4773679820839358,0.6708457239381894,1977,Stable,0.15407142587867192,0.22856660880718177,False,4203.244610384111,2021-04-28,0.37826460365355113,Vulnerable
SP0155,Species 155,Bird,Grassland,Antarctica,-68.99530745740509,112.27180464373674,Infrastructure Development,0.391716014191314,1.3552415548846992,0.3048716955742742,7635,Decreasing,0.034583106726725925,0.6831205579651617,True,24200.39580983371,2020-11-25,0.40727454882301717,Vulnerable
SP0156,Species 156,Mammal,Tundra,Asia,17.33915971005703,138.3592716326033,Disease,0.7591514155029545,0.4212969295783722,0.5132562644610101,2156,Decreasing,0.08974813685985432,0.41138091584971287,False,2278.6992903621276,2020-11-13,0.43268929143695245,Vulnerable
SP0157,Species 157,Plant,Tundra,Antarctica,-63.7308161343935,142.918304171188,Pollution,0.4396281981041638,0.9726759216569622,0.24062907116300022,562,Stable,0.033505160470983286,0.12965041379613282,False,3339.7091949421456,2022-12-19,0.3393699492012497,Vulnerable
SP0158,Species 158,Invertebrate,Wetland,Antarctica,-72.34309283702619,-178.1497340691983,Pollution,0.18983352803662318,0.9124089678371042,0.7498239475497105,128707,Decreasing,0.07305565048213149,0.35625558496648996,False,4334.890865446189,2023-10-16,0.3591341619927315,Vulnerable
SP0159,Species 159,Reptile,Wetland,Oceania,-21.870610532790405,144.95839198342782,Pollution,0.15628969687631508,0.6224293382998968,0.09638646593699918,2047,Decreasing,0.17953871712137612,0.2423666499960788,False,832.3034366798175,2020-12-28,0.2295172365448693,Near Threatened
SP0160,Species 160,Amphibian,Grassland,North America,30.537931802827643,-121.91108945531778,Overexploitation,0.5685106120828458,0.5752358465072439,0.37480313967149775,234,Decreasing,0.08572491831423876,0.34764167533851803,True,6082.911377580125,2023-05-29,0.3613130371251003,Vulnerable
SP0161,Species 161,Plant,Desert,Antarctica,-71.10595074437282,-179.4082474395181,Habitat Loss,0.34996978621687364,1.0966037936379855,0.3814379673904555,411,Stable,0.12543315889996037,0.4749257868786988,True,9927.467999128288,2024-05-07,0.2850518523223342,Near Threatened
SP0162,Species 162,Bird,Tundra,Europe,51.88966933918597,10.355762802795208,Infrastructure Development,0.27307383539741376,1.3195355788073577,0.3893840941290499,2150,Decreasing,0.3326157482306643,0.6589583467404787,False,2167.558298903554,2020-07-28,0.41129515712874576,Vulnerable
SP0163,Species 163,Bird,Desert,Oceania,-27.47815653012556,139.49634722256727,Overexploitation,0.4630870702599866,1.2140906015469257,0.4344497249201611,230,Stable,0.14230808392569586,0.2150032182292968,False,408.01720513705783,2023-10-06,0.4175499377321389,Vulnerable
SP0164,Species 164,Fish,Grassland,Africa,23.549464608994768,15.172595483393588,Overexploitation,0.43384712196390085,1.927167863382505,0.5278082834938843,9743,Decreasing,0.19638516565029185,0.7938570391889758,True,24032.29765782907,2023-08-17,0.5435845396910226,Endangered
SP0165,Species 165,Fish,Wetland,Oceania,-28.233466196993795,176.60568036799992,Climate Change,0.5601322803512849,0.5055488746598154,0.6217613937156334,333,Decreasing,0.24132316943335216,0.10996880112671556,True,19463.010655656544,2024-09-25,0.37470148619521815,Vulnerable
SP0166,Species 166,Mammal,Desert,Oceania,-34.099354080615306,130.43641483600996,Infrastructure Development,0.5302447090641764,0.895674194071323,0.16551731397846167,2256,Decreasing,0.3023741241046292,0.5344223848900287,True,71921.01704931846,2021-11-22,0.32886383084914295,Vulnerable
SP0167,Species 167,Plant,Tropical Forest,Oceania,-15.630214592588151,137.2845327123543,Infrastructure Development,0.7960357123769595,0.7850555342914255,0.1385125067194273,11990,Stable,0.23711940591050532,0.4747407252589391,True,65006.19886772414,2022-08-14,0.27523143724507393,Near Threatened
SP0168,Species 168,Invertebrate,Mountain,Asia,42.17228108688038,99.66390839516464,Pollution,0.1863985723509345,0.08782245987722977,0.3688284949878258,72504,Stable,0.1676440325607223,0.6429685411206524,True,20659.32841996585,2025-01-29,0.0,Least Concern
SP0169,Species 169,Bird,Tropical Forest,Asia,26.810299057697453,116.31926918369427,Climate Change,0.41392940974398595,-0.19999083905893233,0.37554761875412157,6785,Decreasing,0.25278207594034213,0.5512745462101218,True,242982.56467972617,2022-03-15,0.1794425029208705,Near Threatened
SP0170,Species 170,Invertebrate,Desert,Africa,18.8822635999961,48.278725737932156,Invasive Species,0.14098154547522282,0.49267321604498565,0.5673252418941473,13025,Decreasing,0.07614642056067351,0.3735609283404472,False,29497.094297351152,2022-03-23,0.2548889459963807,Near Threatened
SP0171,Species 171,Fish,Coral Reef,South America,-12.012766933316252,-41.3929288701202,Climate Change,0.4825583143424542,2.1316667769615583,0.245045350410898,3744,Decreasing,0.21996259883721275,0.3641528740902484,False,7208.23224395513,2023-03-22,0.6353746502924742,Endangered
SP0172,Species 172,Amphibian,Coral Reef,North America,25.61912193940378,-111.31495351390375,Pollution,0.1612034796429558,1.30533554770831,0.34503856726114635,4583,Stable,0.10886707898908266,0.5127418312144324,False,656.7937902907648,2025-04-08,0.29035904821899955,Near Threatened
SP0173,Species 173,Amphibian,Marine,North America,25.300075681817063,-94.5951818354908,Disease,0.4099990477436935,2.7387566358599624,0.1569601774116658,100,Increasing,0.10022897844874737,0.46541662589902866,False,816.2817625069152,2022-04-30,0.5649496371071434,Endangered
SP0174,Species 174,Invertebrate,Marine,Africa,4.963493762650135,3.2698684522055608,Invasive Species,0.6379191304426728,0.6960923581089516,0.25653197584634024,27901,Decreasing,0.05434297955186367,0.3539536348735543,True,12682.038730413102,2024-08-31,0.3435778493380687,Vulnerable
SP0175,Species 175,Fish,Desert,North America,43.79426969207445,-75.15715643106738,Climate Change,0.16977092941927205,1.566013192101398,0.5430298532247811,445,Decreasing,0.07211409860705502,0.2739614183753122,False,16264.285632845465,2023-01-15,0.5136981716286448,Endangered
SP0176,Species 176,Plant,Marine,Antarctica,-65.75067032752088,-165.47981323015728,Disease,0.3923775790198623,1.3650894170603605,0.13357789015687507,2766,Decreasing,0.15558526332379966,0.5982329285779926,True,111282.2009604845,2021-09-26,0.38604609275803536,Vulnerable
SP0177,Species 177,Fish,Tropical Forest,Europe,45.7161069802133,15.140086809448157,Climate Change,0.1731559522502539,0.7305735763924116,0.6928827495772926,391,Decreasing,0.3335316372401843,0.8424124169067173,True,43039.408631148384,2021-03-21,0.2668330532209445,Near Threatened
SP0178,Species 178,Reptile,Tundra,Antarctica,-74.12313019144685,-72.02541690969615,Infrastructure Development,0.3096627096049516,0.7000988657875598,0.4204066346405936,1096,Stable,0.1752094261179223,0.11882243135463146,False,1704.431024531802,2023-08-22,0.2525232923804831,Near Threatened
SP0179,Species 179,Bird,Tropical Forest,Europe,52.93154689664391,13.282805244968943,Overexploitation,0.3477829919706655,2.5474788128999846,0.5772356446530035,58757,Decreasing,0.15127765491531217,0.3287674926968224,False,2450.125189357192,2023-01-03,0.7090382110043257,Critically Endangered
SP0180,Species 180,Amphibian,Wetland,Europe,54.50120217600109,8.865054607810468,Disease,0.5251294990606711,1.1723825601349511,0.5025294260372748,599,Increasing,0.15096634103328102,0.09882644323312159,True,17216.381072181583,2021-07-20,0.2834042034046441,Near Threatened
SP0181,Species 181,Amphibian,Temperate Forest,Asia,26.69441874161788,97.24460330364072,Invasive Species,0.09429713828892408,0.4222780814378707,0.5376141861698087,3331,Stable,0.10361655935051879,0.4169533372854457,False,1883.244211860606,2024-08-22,0.13106728451846172,Near Threatened
SP0182,Species 182,Plant,Mountain,Oceania,-11.658778549825549,136.76708885890403,Habitat Loss,0.6059732506092471,0.9029802299085975,0.5064825002884465,2181,Decreasing,0.07220001832379229,0.01317364011698446,False,1329.9922076179885,2024-10-27,0.5036063247075159,Endangered
SP0183,Species 183,Mammal,Temperate Forest,Europe,50.28354140619315,4.838948503686762,Infrastructure Development,0.21413744105811197,2.07355693703166,0.41963107610113975,73,Decreasing,0.08861935808572077,0.6141148922500445,False,1645.049000259081,2024-02-06,0.6094250063063784,Endangered
SP0184,Species 184,Amphibian,Tundra,Antarctica,-68.24835211972456,153.29785479966625,Climate Change,0.10465423009235908,-0.47989858577523753,0.652541033192124,702,Decreasing,0.0660029537663265,0.2852354516788707,False,5077.551404381949,2022-12-06,0.2888557391607395,Near Threatened
SP0185,Species 185,Amphibian,Coral Reef,Europe,43.01833955778928,-2.309683261276323,Poaching,0.44862032522251905,1.8076119099888863,0.542807508659112,655,Stable,0.25881678632803246,0.2361495551755703,True,20575.916621992714,2021-12-25,0.47499409711546564,Vulnerable
SP0186,Species 186,Invertebrate,Tropical Forest,North America,46.94230447069621,-120.07386866260292,Overexploitation,0.32670648928531676,-0.7149473213873031,0.3681404318213407,149981,Decreasing,0.16598902451251973,0.7246381370409952,False,2607.4864757446526,2023-04-29,0.27420902754906673,Near Threatened
SP0187,Species 187,Reptile,Marine,Asia,44.75302130240175,124.44022423507855,Poaching,0.28665938016400977,1.0204943120869308,0.3532198684710587,339,Decreasing,0.07638409807801094,0.14731582549193642,True,27550.81416899046,2021-11-03,0.3698154545810455,Vulnerable
SP0188,Species 188,Reptile,Desert,Europe,40.82146392190236,9.680069177283311,Infrastructure Development,0.13174035953868202,0.878563978446693,0.312817804570934,3705,Decreasing,0.20185109502031803,0.07289693913353053,True,214967.70157284485,2021-08-08,0.2561532324005731,Near Threatened
SP0189,Species 189,Amphibian,Tundra,Asia,12.850652451190571,100.45102160381563,Invasive Species,0.41744364224012326,1.5233702922218655,0.35412502611754404,4861,Decreasing,0.18660133134899637,0.9406989177334357,True,7389.968856456507,2022-04-06,0.4324408314420157,Vulnerable
SP0190,Species 190,Bird,Desert,Africa,32.86436295843247,11.774829549525714,Habitat Loss,0.31912662301579914,3.3051523243412144,0.0879966816758798,5911,Stable,0.14935630401043073,0.5316285084034603,False,681.5780988353483,2023-08-02,0.6916051951949049,Endangered
SP0191,Species 191,Fish,Coral Reef,South America,-10.365196667856111,-42.873410638574,Overexploitation,0.3583823063336783,2.5257139719421597,0.12238942245901628,6496,Decreasing,0.12230998753252456,0.2637454335337024,False,2500.3303431684244,2023-09-12,0.6678082104090352,Endangered
SP0192,Species 192,Fish,Temperate Forest,North America,39.31901332387717,-117.4525069360721,Infrastructure Development,0.3838985922635577,1.658778389556165,0.47779367036863096,1405,Stable,0.20514329180304627,0.5722756954394748,False,990.4307209124366,2023-09-23,0.4469882663756381,Vulnerable
SP0193,Species 193,Invertebrate,Marine,Europe,48.5340659599033,1.3623355616171606,Disease,0.014661421722847819,1.4614115821292069,0.5769562497144558,79364,Decreasing,0.168399072285208,0.5105949425523155,False,2149.511287460299,2024-10-30,0.3780365246045839,Vulnerable
SP0194,Species 194,Reptile,Tropical Forest,Europe,55.22987009141853,16.913267596817203,Pollution,0.2673539290849247,0.3045813478020064,0.350447968232018,471,Decreasing,0.014243898482545685,0.6759088483121858,False,2572.8699722850993,2023-10-03,0.24692123031665336,Near Threatened
SP0195,Species 195,Mammal,Marine,North America,29.916680809757683,-72.89850003189632,Infrastructure Development,0.24196685681608035,0.6932026486363816,0.5910847062795486,2973,Decreasing,0.17009113897214131,0.8057236486487527,True,16456.547298630157,2021-08-16,0.26262472815439997,Near Threatened
SP0196,Species 196,Amphibian,Wetland,Asia,18.028772575403373,85.28121782680586,Poaching,0.10261398286489264,1.867594176563681,0.10357012620222247,1912,Decreasing,0.16173894146525622,0.3356132058182808,True,16970.471696456247,2023-09-12,0.4113249437289843,Vulnerable
SP0197,Species 197,Reptile,Tundra,Antarctica,-73.99073080617728,-83.52098392162392,Overexploitation,0.44329564184438064,1.793967130874096,0.19881337851899378,2096,Stable,0.07519188807258471,0.42598880978248416,False,24095.295354174057,2023-07-29,0.4663076357551904,Vulnerable
SP0198,Species 198,Bird,Wetland,Asia,17.462137598619726,124.72102923033316,Overexploitation,0.4103396595357077,1.3515247206236491,0.4269101591807867,67207,Decreasing,0.057907177156605046,0.5858703169140098,True,19193.67678463179,2021-01-26,0.41120380542366974,Vulnerable
SP0199,Species 199,Mammal,Temperate Forest,Oceania,-29.656906993003776,140.36921056883008,Habitat Loss,0.22851236570154454,1.9014316436431624,0.29456195523562345,1409,Decreasing,0.19474850402271077,0.3706743327216428,False,1795.3278646336116,2022-05-04,0.5325094095670994,Endangered
SP0200,Species 200,Amphibian,Temperate Forest,Europe,35.186578510430486,6.907464786297028,Infrastructure Development,0.054756615598165304,0.6133879252109169,0.198878198120522,58,Increasing,0.2708202278781885,0.4424654842027879,False,36354.50882268362,2021-05-20,0.02912657233628882,Least Concern
